{"cameraMode":{"drawMode":0,"name":"Shaded","section":"Shading Mode"},"sceneLighting":true,"audioPlay":false,"sceneViewState":{"m_AlwaysRefresh":false,"showFog":true,"showSkybox":true,"showFlares":true,"showImageEffects":true,"showParticleSystems":true,"showVisualEffectGraphs":true,"m_FxEnabled":true},"in2DMode":false,"pivot":{"x":56.23706817626953,"y":26.82166290283203,"z":-87.51576232910156},"rotation":{"x":-0.24813790619373322,"y":0.01977197453379631,"z":-0.005064949858933687,"w":-0.9685130715370178},"size":31.604412078857423,"orthographic":false}